"research_date","retailer","product","product_type","motor_configuration","seller_location","source_class","listed_price_aud","gst_and_duties_treatment","delivery_treatment","estimated_delivered_price_aud","stock_status","warranty","returns","comparable_features","url","notes","source_quality"
"2026-08-13","Ubuy Australia","PoolCandy Tube Runner Motorized Unicorn Float","Powered single-rider float","Single motor","US import via Ubuy Australia","Cross-border importer; unavailable","207.00","Source states shipping and customs charges are excluded","Calculated at checkout; import charges may apply","","Out of stock","Source claim: manufacturer warranty may not be valid in Australia","Source claim: importer-of-record and return conditions apply","Source claims: adult-sized motorized ride-on format","https://www.u-buy.com.au/product/F500C0TNM-poolcandy-tube-runner-swimming-pool-motorized-inflatable-gigantic-animal-ride-ons","Unavailable listing retained; landed cost cannot be inferred from the headline price","Moderate - live importer product page; landed price incomplete"
"2026-08-13","Ubuy Australia","ShinyRelief Motorized Pool Float for Adult","Powered single-rider float","Single motor","US import via Ubuy Australia","Cross-border importer","249.00","Source states shipping and customs charges are excluded","Calculated at checkout; import charges may apply","","In stock","Source claim: manufacturer warranty may not be valid in Australia","Source claim: importer-of-record and return conditions apply","Source claims: electric propulsion, handles and cup holder","https://www.u-buy.com.au/product/TZRFVX7MG-motorized-pool-float-for-adult-pool-inflatable-lounger-chair-electric-river-tube-floating-with-pusher-handles-cup-holder-and-pump-for-party-beach","Cross-border evidence; Australian compliance and after-sales support not independently verified","Moderate - live importer product page; landed price incomplete"
"2026-08-13","Ubuy Australia","PoolCandy Tube Runner Pro 2.0","Powered single-rider float","Single motor","US import via Ubuy Australia","Cross-border importer; brand-page price","279.00","Source states shipping and customs charges are excluded","Calculated at checkout; import charges may apply","","Availability not confirmed on brand page","","","Source claims: motorized single-rider pool float","https://www.u-buy.com.au/brand/poolcandy","Price captured from a brand results page rather than a dedicated product page","Low - current price-bearing brand page; product detail and stock thin"
"2026-08-13","Desertcart Australia","ShinyRelief Motorized Pool Float","Powered single-rider float","Single motor","International import via Desertcart Australia","International seller; landed-Australia claim","274.00","Source states duties and taxes are included","Source states delivery is included","274.00","In stock","","Source claim: 14-day return window; 30 days with PRO","Source claims: adult motorized float","https://www.desertcart.com.au/products/740184648-motorized-pool-float","Cross-border product; certification, battery logistics and service support not independently verified","Moderate - live importer page with landed-price claim"
"2026-08-13","Desertcart Australia","ShinyRelief Motorized Pool Float for Adults","Powered single-rider float","Single motor","International import via Desertcart Australia","International seller; landed-Australia claim","314.00","Source states duties and taxes are included","Source states delivery is included","314.00","In stock","","Source claim: 14-day return window; 30 days with PRO","Source claims: electric inflatable lounger format","https://www.desertcart.com.au/products/740184648-motorized-pool-float-for-adults-electric-inflatable-pool-lounger-motor","Cross-border product; certification, battery logistics and service support not independently verified","Moderate - live importer page with landed-price claim"
"2026-08-13","Ubuy Australia","PoolCandy Splash Runner Pro 2.0","Powered dual-motor float","Dual motor","US import via Ubuy Australia","Cross-border importer","409.00","Source states shipping and customs charges are excluded","Calculated at checkout; import charges may apply","","In stock","Source claim: manufacturer warranty may not be valid in Australia","Source claim: importer-of-record and return conditions apply","Source claims: two 66 W motors and adult lounger format","https://www.u-buy.com.au/product/JNB76RS8G-splash-runner-pro-2-0-12v-motorized-pool-lounger-perfect-for-the-pool-or-lake-poolcandy-x27-s-best-most-advanced-and-fastest-model-ever","Headline price is not a landed price; cross-border evidence is thin","Moderate - live importer product page; landed price incomplete"
"2026-08-13","Desertcart Australia","PoolCandy Splash Runner Pro 3.0 Motorized Pool Float","Powered dual-motor float","Dual motor","International import via Desertcart Australia","International seller; landed-Australia claim","575.00","Source states duties and taxes are included","Source states delivery is included","575.00","In stock","","Source claim: 14-day return window; 30 days with PRO","Source claims: dual-motor adult pool float","https://www.desertcart.com.au/products/821209438-poolcandy-splash-runner-pro-3-0-motorized-pool-float-for-adults","Cross-border product; Australian certification and local support not independently verified","Moderate - live importer page with landed-price claim"
"2026-08-13","Desertcart Australia","PoolCandy Splash Runner Pro 3.0 Motorized Float","Powered dual-motor float","Dual motor","International import via Desertcart Australia","International seller; landed-Australia claim","656.00","Source states duties and taxes are included","Source states delivery is included","656.00","In stock","","Source claim: 14-day return window; 30 days with PRO","Source claims: dual-motor adult pool float","https://www.desertcart.com.au/products/631074294-splash-runner-pro-3-0-motorized-pool-float-for-adults","Separate listing retained because the delivered headline price differs","Moderate - live importer page with landed-price claim"
"2026-08-13","Ubuy Australia","Zenhagu Rechargeable Motorized Pool Float with Canopy","Powered canopy float","Dual motor","US import via Ubuy Australia","Cross-border importer","359.00","Source states shipping and customs charges are excluded","Calculated at checkout; import charges may apply","","In stock","Source claim: manufacturer warranty may not be valid in Australia","Source claim: importer-of-record and return conditions apply","Source claims: rechargeable dual motors, canopy and cup holder","https://www.u-buy.com.au/product/R47UJW128-motorized-pool-float-with-canopy-rechargeable-motorized-floats-with-cup-holder-dual-motor-heavy-duty-electric-lounger-raft-for-adults-pool-lake","Headline price is not a landed price; specification and compliance claims are unverified","Moderate - live importer product page; landed price incomplete"
"2026-08-13","Desertcart Australia","GIGIGO Motorized Pool Float with Canopy","Powered canopy float","Dual motor","International import via Desertcart Australia","International seller; landed-Australia claim","714.00","Source states duties and taxes are included","Source states delivery is included","714.00","In stock","","Source claim: 14-day return window; 30 days with PRO","Source claims: rechargeable dual motors and canopy","https://www.desertcart.com.au/products/825377536-gigigo-motorized-pool-float-for-adults-rechargeable-electric-inflatable-lounger-with-canopy-lake-river-floats-adult-size-with-dual-motors-pool-toys-for-party-vacation-relaxation","Only two comparable canopy observations were identified; treat range as directional","Moderate - live importer page with landed-price claim"
"2026-08-13","Bunnings","Bestway HydroLuxe Lounge","Mesh hammock lounge","Not applicable","Australia","Australian direct retailer","15.00","Displayed AUD price; GST inclusion not separately stated","Calculated at checkout or store collection","","Add to cart","","Retailer policy; product-specific terms not captured","Source claims: mesh-bottom lounge with head support","https://www.bunnings.com.au/bestway-hydroluxe-lounge_p0423499","Entry-price Australian retail comparator","High - live Australian retailer product page"
"2026-08-13","Kmart","Bestway Comfort Plush Pool Hammock Lounge","Mesh hammock lounge","Not applicable","Australia; marketplace seller location not independently verified","Australian marketplace listing; online only","19.95","Displayed AUD price; GST inclusion not separately stated","Calculated at checkout","","Online only","","Marketplace seller terms apply","Source claims: hammock-style mesh centre","https://www.kmart.com.au/product/bestway-comfort-plush-pool-hammock-lounge-110149261/","Sold through Kmart marketplace by The Gamesmen","Moderate - live marketplace page"
"2026-08-13","BIG W","Bestway Comfort Plush Hammock Lounge","Mesh hammock lounge","Not applicable","Australia; marketplace seller location not independently verified","Australian marketplace listing; online only","23.99","Displayed AUD price; GST inclusion not separately stated","Calculated at checkout","","Online only","","Marketplace seller terms apply","Source claims: hammock-style mesh lounge","https://www.bigw.com.au/product/bestway-1-45m-x-87cm-comfort-plush-hammock-lounge-blue-pool-float/p/9902970916","Marketplace availability and fulfilment may change","Moderate - live marketplace page"
"2026-08-13","BIG W","Intex Mesh Mat","Mesh hammock lounge","Not applicable","Australia","Australian direct retailer","29.00","Displayed AUD price; GST inclusion not separately stated","Calculated at checkout or store collection","","Availability varies by location","","Retailer policy; product-specific terms not captured","Source claims: inflatable mat with mesh centre","https://www.bigw.com.au/product/intex-mesh-mat-assorted-/p/96116","Assorted colour listing","High - live Australian retailer product page"
"2026-08-13","Myer","Sunnylife The Vacay Mesh Hammock Float","Mesh hammock lounge","Not applicable","Australia","Australian direct retailer; clearance","30.00","Displayed AUD price; GST inclusion not separately stated","Calculated at checkout","","In stock","","Reduced-to-clear item; no change-of-mind return claim","Source claims: mesh hammock format with inflatable support","https://www.myer.com.au/p/sunnylife-the-vacay-mesh-hammock-float-in-green","Clearance price; prior price shown as 49.99","High - live Australian retailer page with clearance qualifier"
"2026-08-13","Rebel","Intex Transparent Water Hammock","Mesh hammock lounge","Not applicable","Australia","Australian direct retailer; special offer","39.99","Displayed AUD price; GST inclusion not separately stated","Calculated at checkout or store collection","","Special offer; availability varies","","Retailer policy; product-specific terms not captured","Source claims: water-hammock format with transparent panels","https://www.rebelsport.com.au/p/intex-transparent-water-hammock-713724.html","Promotional price may be temporary","High - live Australian retailer product page"
"2026-08-13","BCF","Intex Inflatable Floating Recline Lounge","Supportive pool chair","Not applicable","Australia","Australian direct retailer; clearance","20.00","Displayed AUD price; GST inclusion not separately stated","Calculated at checkout or store collection","","Clearance; availability varies","","Clearance terms may apply","Source claims: reclined seated design with arm support","https://www.bcf.com.au/p/intex-inflatable-floating-recline-lounge/639403.html","Clearance observation retained","High - live Australian retailer product page"
"2026-08-13","BIG W","Intex Floating Recliner Lounge 58868","Supportive pool chair","Not applicable","Australia; marketplace seller location not independently verified","Australian marketplace listing; online only","54.95","Displayed AUD price; GST inclusion not separately stated","Calculated at checkout","","Online only","","Marketplace seller terms apply","Source claims: reclined chair with armrests and cup holders","https://www.bigw.com.au/product/intex-floating-recliner-lounge-58868/p/9900409495","Sold through BIG W marketplace by Idyllic Outdoors","Moderate - live marketplace page"
"2026-08-13","Myer","Intex Double Pillow Back Lounge","Supportive pool chair","Not applicable","Australia; marketplace seller location not independently verified","Australian marketplace listing; sale","59.85","Displayed AUD price; GST inclusion not separately stated","Calculated at checkout","","Availability not independently confirmed","","Marketplace seller terms apply","Source claims: seated lounge with pillow back","https://www.myer.com.au/p/intex-pillow-back-lounge-inflatable-swim-pol-ring-float-chair-double-9year-19m","Sale price; reference price shown as 63.00","Moderate - live marketplace page"
"2026-08-13","Clark Rubber","Intex Floating Recliner Lounge","Supportive pool chair","Not applicable","Australia","Australian specialist retailer","59.95","Displayed AUD price; GST inclusion not separately stated","Calculated at checkout or store collection","","Availability varies by location","","Retailer policy; product-specific terms not captured","Source claims: supportive recliner with armrests","https://www.clarkrubber.com.au/products/30051-intex-floating-recliner-lounge","Direct specialist-retail comparator","High - live Australian retailer product page"
"2026-08-13","Super Warehouse","Coo-Ezy Inflatable Pool Chair","Supportive pool chair","Not applicable","Australia","Australian online retailer","64.95","Displayed AUD price; GST inclusion not separately stated","Calculated at checkout","","Availability not independently confirmed","","Retailer policy; product-specific terms not captured","Source claims: upright inflatable pool chair","https://www.superwh.com.au/product/coo-ezy-chair/fo994600.aspx","Smaller retailer; fulfilment and policy detail not captured","Moderate - live Australian retailer product page"
"2026-08-13","DecorsDeluxe","Summer Inflatable Chair Pool Floating Lounger","Supportive pool chair","Not applicable","Australia","Australian online retailer; sale","69.99","Displayed AUD price; GST inclusion not separately stated","Free shipping claimed","69.99","Availability not independently confirmed","","Retailer policy; product-specific terms not captured","Source claims: chair-shaped floating lounger","https://decorsdeluxe.com/products/summer-inflatable-chair-pool-floating-lounger","Sale price and free-shipping claim retained; confirm remote-area exclusions","Moderate - live retailer page; smaller seller"
"2026-08-13","BCF","Funsicle Luxe Mesh Comfy Mat","Full-length pool lounge","Not applicable","Australia","Australian direct retailer; clearance","19.00","Displayed AUD price; GST inclusion not separately stated","Calculated at checkout or store collection","","Clearance; availability varies","","Clearance terms may apply","Source claims: full-body mat with mesh section","https://www.bcf.com.au/p/funsicle-luxe-mesh-comfy-mat-inflatable-pool-lounger/714085.html","Clearance observation retained","High - live Australian retailer product page"
"2026-08-13","BIG W","Foldable Striped PVC Floating Mat","Full-length pool lounge","Not applicable","Australia; marketplace seller location not independently verified","Australian marketplace listing; online only","22.86","Displayed AUD price; GST inclusion not separately stated","Calculated at checkout","","Online only","","Marketplace seller terms apply","Source claims: foldable full-length PVC mat","https://www.bigw.com.au/product/inflatable-pool-float-lounge-chair-for-adults-foldable-striped-pvc-floating-mat-yellow/p/9901713978","Marketplace fulfilment and specification claims not independently verified","Moderate - live marketplace page"
"2026-08-13","Kmart","Inflatable Personal Pool Lounger","Full-length pool lounge","Not applicable","Australia","Australian direct retailer","29.00","Displayed AUD price; GST inclusion not separately stated","Calculated at checkout or store collection","","Availability varies by location","","Retailer policy; product-specific terms not captured","Source claims: single-person full-length lounger","https://www.kmart.com.au/product/inflatable-personal-pool-lounger-43574285/","Mainstream entry-to-mid comparator","High - live Australian retailer product page"
"2026-08-13","Clark Rubber","Clarkee Fabric Lounge","Full-length pool lounge","Not applicable","Australia","Australian specialist retailer; category-page price","89.95","Displayed AUD price; GST inclusion not separately stated","Calculated at checkout or store collection","","Availability not confirmed on category page","","Retailer policy; product-specific terms not captured","Source claims: fabric-covered pool lounge","https://www.clarkrubber.com.au/shop/category/pool-lounges-coolers/skip-0","Price captured from live category results","Moderate - current price-bearing category page"
"2026-08-13","Clark Rubber","Aqua Campania Fabric 2 in 1 Lounge","Full-length pool lounge","Not applicable","Australia","Australian specialist retailer; category-page price","99.95","Displayed AUD price; GST inclusion not separately stated","Calculated at checkout or store collection","","Availability not confirmed on category page","","Retailer policy; product-specific terms not captured","Source claims: convertible fabric-covered lounge","https://www.clarkrubber.com.au/shop/category/pool-lounges-coolers/skip-0","Price captured from live category results","Moderate - current price-bearing category page"
"2026-08-13","Bean Bags R Us","Amalfi Pool Lounger","Full-length pool lounge","Not applicable","Australia","Australian direct retailer; sale; from-price","124.50","Displayed AUD price; GST inclusion not separately stated","Calculated at checkout","","Availability varies by variant","","Retailer policy; product-specific terms not captured","Source claims: fabric pool beanbag lounger","https://www.beanbagsrus.com.au/collections/pool-bean-bags","From-price retained; variants may cost more","Moderate - current price-bearing collection page"
"2026-08-13","BIG W","Sunnylife Luxe Lounger Chair The Resort Navy","Full-length pool lounge","Not applicable","Australia; marketplace seller location not independently verified","Australian marketplace listing; category-page price","209.95","Displayed AUD price; GST inclusion not separately stated","Calculated at checkout","","Online availability not independently confirmed","","Marketplace seller terms apply","Source claims: premium full-length inflatable lounger","https://www.bigw.com.au/sports-leisure/pools-spas/inflatable-pool-toys/pool-loungers/c/671610304","Price captured from category results","Moderate - current price-bearing marketplace category page"
"2026-08-13","Sunday Supply Co","Dunes Inflatable Lounger","Full-length pool lounge","Not applicable","Australia","Australian premium direct retailer","499.00","Displayed AUD price; GST inclusion not separately stated","Calculated at checkout","","Only 7 left at research time","","Retailer policy; product-specific terms not captured","Source claims: premium full-length inflatable lounger","https://sundaysupply.co/products/dunes-inflatable-lounger","Premium outlier retained","High - live Australian direct-retailer product page"
"2026-08-13","BIG W","Bestway Domestic Double Ring Float","Two-person float","Not applicable","Australia; marketplace seller location not independently verified","Australian marketplace listing; online only","38.99","Displayed AUD price; GST inclusion not separately stated","Calculated at checkout","","Online only","","Marketplace seller terms apply","Source claims: double-width ring-style float","https://www.bigw.com.au/product/bestway-toys-domestic-double-ring-float-74-x-46/p/9901445027","Sold through marketplace by The Nile","Moderate - live marketplace page"
"2026-08-13","Clark Rubber","Aqua Catalina Hammock Lounge 2 Person","Two-person float","Not applicable","Australia","Australian specialist retailer; clearance","50.00","Displayed AUD price; GST inclusion not separately stated","Calculated at checkout or store collection","","Clearance; availability varies","","Clearance terms may apply","Source claims: two-person hammock lounge","https://www.clarkrubber.com.au/products/45679-aqua-catalina-hammock-lounge-2-person","Clearance from 64.95 retained","High - live Australian retailer product page"
"2026-08-13","Mr Toys","Intex Watermelon Island","Two-person float","Not applicable","Australia","Australian direct retailer; in-store-only qualifier","59.99","Displayed AUD price; GST inclusion not separately stated","In-store only","59.99","In-store only; notify-me option shown","","Retailer policy; product-specific terms not captured","Source claims: large island-format float suitable for shared use","https://www.mrtoys.com.au/outdoor-sports-water-toys/inflatable-pools-and-beach-toys/intex-watermelon-island-22093.html","Not a delivered online price; local store availability required","High - live Australian retailer product page"
"2026-08-13","BCF","Tahwalhi Chill Out Inflatable Floating Lounger 2 Person","Two-person float","Not applicable","Australia","Australian direct retailer; special offer","60.00","Displayed AUD price; GST inclusion not separately stated","Calculated at checkout or store collection","","Special offer; availability varies","","Retailer policy; product-specific terms not captured","Source claims: two-person floating lounger","https://www.bcf.com.au/p/tahwalhi-chill-out-inflatable-floating-lounger-2-person/694119.html","Promotional price may be temporary","High - live Australian retailer product page"
"2026-08-13","AquaBoss","Double Water Hammock","Two-person float","Not applicable","Australia","Australian specialist retailer; collection-page price","79.95","Displayed AUD price; GST inclusion not separately stated","Calculated at checkout","","Availability not confirmed on collection page","","Retailer policy; product-specific terms not captured","Source claims: double-width water hammock","https://acquaboss.com/collections/pool-floats","Price captured from live collection results","Moderate - current price-bearing collection page"
"2026-08-13","Harvey Norman","Bestway Floating Island 2 Man River Tube","Two-person float","Not applicable","Australia","Australian direct retailer; online only","80.00","Displayed AUD price; GST inclusion not separately stated","Calculated at checkout","","Online only","","Retailer policy; product-specific terms not captured","Source claims: two-person tube-style island","https://www.harveynorman.com.au/bestway-floating-island-pool-2-man-river-tube-float.html","Australian national-retailer comparator","High - live Australian retailer product page"
"2026-08-13","AquaBoss","The Island","Two-person float","Not applicable","Australia","Australian specialist retailer","99.95","Displayed AUD price; GST inclusion not separately stated","Calculated at checkout","","Availability not independently confirmed","","Retailer policy; product-specific terms not captured","Source claims: shared island-style pool float","https://acquaboss.com/products/acquaboss-the-island","Direct specialist-retail comparator","High - live Australian retailer product page"
"2026-08-13","Bunnings","Costway Two-Person Floating Bed with Canopy","Two-person float","Not applicable","Australia; marketplace seller location not independently verified","Australian marketplace listing","104.45","Displayed AUD price; GST inclusion not separately stated","Calculated at checkout","","Add to cart","","Marketplace seller terms apply","Source claims: two-person island, detachable canopy and cup holders","https://www.bunnings.com.au/costway-inflatable-island-pool-floating-bed-with-2-cup-holders-detachable-canopy_p0643608","Marketplace product sold through Bunnings","Moderate - live marketplace page"
"2026-08-13","Hikidspace","Two-Person Inflatable Pool Float Lounge with Canopy","Two-person float","Not applicable","Australia","Australian online retailer","190.99","Displayed AUD price; GST inclusion not separately stated","Calculated at checkout","","Availability not independently confirmed","","Retailer policy; product-specific terms not captured","Source claims: two-person island raft with canopy","https://www.hikidspace.com/products/inflatable-pool-float-lounge-floating-island-raft-with-canopy","Smaller retailer; specification and fulfilment claims not independently verified","Moderate - live Australian retailer product page"
"2026-08-13","Sunnylife","Luxe Twin Hammock Float Le Weekend","Two-person float","Not applicable","Australia","Australian brand direct retailer","199.99","Displayed AUD price; GST inclusion not separately stated","Calculated at checkout","","Availability not independently confirmed","","Retailer policy; product-specific terms not captured","Source claims: premium twin hammock format","https://www.sunnylife.com.au/products/luxe-twin-hammock-float-le-weekend-blue-s51dhnav","Premium branded comparator","High - live Australian brand product page"
"2026-08-13","AquaBoss","Luxe Double Lounger Bed","Two-person float","Not applicable","Australia","Australian specialist retailer; collection-page price","399.00","Displayed AUD price; GST inclusion not separately stated","Calculated at checkout","","Availability not confirmed on collection page","","Retailer policy; product-specific terms not captured","Source claims: premium double lounger bed","https://acquaboss.com/collections/pool-floats","Premium outlier captured outside the core benchmark band","Moderate - current price-bearing collection page"
"2026-08-13","Kmart","Inflatable Floating Party Island","Multi-person party island","Not applicable","Australia","Australian direct retailer; clearance","25.00","Displayed AUD price; GST inclusion not separately stated","Calculated at checkout or store collection","","Clearance; availability varies","","Clearance terms may apply","Source claims: four-person party island","https://www.kmart.com.au/product/inflatable-floating-party-island-43574834/","Clearance from 129.00 creates a non-representative low outlier","High - live Australian retailer page with clearance qualifier"
"2026-08-13","Pool Set","Giant Inflatable Flamingo Lounger","Multi-person party island","Not applicable","Australia","Australian online retailer; sale","31.20","Displayed AUD price; GST inclusion not separately stated","Calculated at checkout","","Availability not independently confirmed","","Retailer policy; product-specific terms not captured","Source claims: oversized multi-rider novelty lounger","https://poolset.com.au/products/pool-set-flamingo-lounger","Sale observation retained","Moderate - live Australian retailer page"
"2026-08-13","Costco Australia","Hydro-Force Kick Back Inflatable Island","Multi-person party island","Not applicable","Australia","Australian membership retailer; unavailable","149.99","Displayed AUD price; GST inclusion not separately stated","Delivery included in displayed price","149.99","Out of stock","","Membership retailer terms apply","Source claims: five-person island","https://www.costco.com.au/BESTWAY/Hydro-Force-Kick-Back-Inflatable-Island/p/141733","Unavailable listing retained because it is price-bearing; membership may be required","High - live Australian retailer product page"
"2026-08-13","Myer","Bestway Inflatable Island Lounger 3.05 m x 1.86 m","Multi-person party island","Not applicable","Australia; marketplace seller location not independently verified","Australian marketplace listing","309.99","Displayed AUD price; GST inclusion not separately stated","Calculated at checkout; bulky-item charges may apply","","Availability not independently confirmed","","No change-of-mind return claim; bulky-product conditions apply","Source claims: large shared island lounger","https://www.myer.com.au/p/bestway-inflatable-island-lounger-305mx186m-in-multi","Marketplace and bulky-delivery qualifiers retained","Moderate - live marketplace page"
"2026-08-13","BIG W","Inflatable Floating Island for 4 Persons","Multi-person party island","Not applicable","Australia; marketplace seller location not independently verified","Australian marketplace listing; online only","317.90","Displayed AUD price; GST inclusion not separately stated","Calculated at checkout","","Online only","","Marketplace seller terms apply","Source claims: four-person floating island","https://www.bigw.com.au/product/inflatable-floating-island-for-4-persons/p/9900979192","Marketplace specification and fulfilment claims not independently verified","Moderate - live marketplace page"
"2026-08-13","Ubuy Australia","Tzsmat Inflatable Pool Floating Island","Multi-person party island","Not applicable","US import via Ubuy Australia","Cross-border importer","353.00","Source states shipping and customs charges are excluded","Calculated at checkout; import charges may apply","","In stock","Source claim: manufacturer warranty may not be valid in Australia","Source claim: importer-of-record and return conditions apply","Source claims: multi-person island for pool or lake use","https://www.u-buy.com.au/product/8EXLA6162-tzsmat-inflatable-pool-floating-island-lounger-raft-lake-float-water-float-for-lake-river-pool-multi-person-party-floatie-toys-relaxation-island","Headline price is not a landed price; cross-border evidence","Moderate - live importer product page; landed price incomplete"
"2026-08-13","Waterskiers World","Jetpilot Party Island","Multi-person party island","Not applicable","Australia","Australian specialist retailer","649.00","Displayed AUD price; GST inclusion not separately stated","Calculated at checkout","","In stock","","Source claim: 60-day exchange or return conditions apply","Source claims: six-occupant party island","https://waterskiersworld.com.au/products/jetpilot-party-island","Watersports specialist comparator; intended-use differences require checking","High - live Australian specialist product page"
"2026-08-13","Williams Australia","WOW Stadium Islander 12","Multi-person party island","Not applicable","Australia","Australian specialist retailer","775.00","Displayed AUD price; GST inclusion not separately stated","Calculated at checkout","","Availability not independently confirmed","","Retailer policy; product-specific terms not captured","Source claims: high-capacity stadium-style island","https://williamsaustralia.com/watertoys/wow-stadium-islander","Premium high-capacity outlier retained","High - live Australian specialist product page"
"2026-08-13","Sunchill Australia","Sunchill Water Hammock","Multi-person party island","Not applicable","Australia","Australian direct retailer","999.00","Displayed AUD price; GST inclusion not separately stated","Free shipping claimed","999.00","Add to cart","Source claim: five-year warranty","Source claim: 30-day returns","Source claims: large multi-person water hammock with pump and carry bag","https://sunchill.com.au/products/sunchill","Premium open-water-style comparator; intended use and safety profile differ from a pool-only product","High - live Australian direct-retailer page with clear price and terms"
"2026-08-13","BCF","Intex Pool Volleyball Game","Pool volleyball set","Not applicable","Australia","Australian direct retailer; clearance","9.00","Displayed AUD price; GST inclusion not separately stated","Calculated at checkout or store collection","","Clearance; availability varies","","Clearance terms may apply","Source claims: floating net and ball set","https://www.bcf.com.au/p/intex-pool-volleyball-game/433159.html","Clearance observation retained","High - live Australian retailer product page"
"2026-08-13","BIG W","Bestway Volleyball Pool Game Set","Pool volleyball set","Not applicable","Australia; marketplace seller location not independently verified","Australian marketplace listing; online only","19.95","Displayed AUD price; GST inclusion not separately stated","Calculated at checkout","","Online only","","Marketplace seller terms apply","Source claims: floating volleyball net set","https://www.bigw.com.au/product/bestway-volleyball-pool-game-set/p/9900034426","Marketplace listing","Moderate - live marketplace page"
"2026-08-13","Road Tech Marine","Bestway Inflatable Pool Volleyball Game","Pool volleyball set","Not applicable","Australia","Australian specialist retailer","24.95","Displayed AUD price; GST inclusion not separately stated","Calculated at checkout or store collection","","Availability not independently confirmed","","Retailer policy; product-specific terms not captured","Source claims: inflatable net and ball game","https://www.roadtechmarine.com.au/pool-volleyball-game-inflatable/p/GT3124","Specialist-retail comparator","High - live Australian retailer product page"
"2026-08-13","Candoray","SplashZone Inflatable Pool Volleyball Set","Pool volleyball set","Not applicable","Australia","Australian online retailer; sale","39.95","Displayed AUD price; GST inclusion not separately stated","Calculated at checkout","","Availability not independently confirmed","","Retailer policy; product-specific terms not captured","Source claims: inflatable net frame and ball","https://www.candoray.com.au/outdoor/p/splashzone-inflatable-pool-volleyball-set","Sale price retained","Moderate - live Australian retailer product page"
"2026-08-13","Myer","Lazy Dayz Inflatable Volleyball Set","Pool volleyball set","Not applicable","Australia; marketplace seller location not independently verified","Australian marketplace listing","49.95","Displayed AUD price; GST inclusion not separately stated","Calculated at checkout","","Availability not independently confirmed","","Marketplace seller terms apply","Source claims: bright-colour floating net set","https://www.myer.com.au/p/lazy-dayz-inflatable-volleyball-set-orange","Marketplace comparator","Moderate - live marketplace page"
"2026-08-13","Klika","Inflatable Volleyball Set","Pool volleyball set","Not applicable","Australia","Australian online retailer","59.94","Displayed AUD price; GST inclusion not separately stated","Free delivery claimed","59.94","In stock","Source claim: 12-month warranty","Retailer policy; product-specific terms not captured","Source claims: floating frame, net and ball","https://www.klika.com.au/inflatable-volleyball-set-floating-pool-party-frame-net-and-ball-comes.html","Free-delivery and warranty claims not independently tested","High - live Australian retailer product page"
"2026-08-13","King Spa Pools","Intex Mega Floating Bar","Floating cooler","Not applicable","Australia","Australian specialist retailer","29.95","Displayed AUD price; GST inclusion not separately stated","Calculated at checkout","","In stock","","Retailer policy; product-specific terms not captured","Source claims: floating ice and drink storage","https://kingspapools.com.au/product/intex-mega-floating-bar","Specialist-retail comparator","High - live Australian retailer product page"
"2026-08-13","Pump Factory","25 L KASAEsky Inflatable Floating Drinks Cooler","Floating cooler","Not applicable","Australia","Australian online retailer; sale","34.74","Displayed AUD price; GST inclusion not separately stated","Calculated at checkout","","Availability not independently confirmed","","Retailer policy; product-specific terms not captured","Source claims: 25 L inflatable floating cooler","https://pumpfactory.com.au/products/25l-kasaesky-technology-inflatable-floating-drinks-cooler","Sale observation retained","Moderate - live Australian retailer product page"
"2026-08-13","TheITmart","Anko Inflatable Floating Cooler","Floating cooler","Not applicable","Australia","Australian online retailer; unavailable","34.99","Displayed AUD price; GST inclusion not separately stated","Calculated at checkout","","Out of stock","","Retailer policy; product-specific terms not captured","Source claims: inflatable floating drinks cooler","https://www.theitmart.com.au/products/inflatable-floating-cooler","Unavailable price-bearing listing retained","Moderate - live retailer page; unavailable"
"2026-08-13","BIG W","Intex MegaChill Inflatable Floating Cooler","Floating cooler","Not applicable","Australia; marketplace seller location not independently verified","Australian marketplace listing; online only","39.00","Displayed AUD price; GST inclusion not separately stated","Calculated at checkout","","Online only","","Marketplace seller terms apply","Source claims: floating cooler with drink holders","https://www.bigw.com.au/product/intex-megachill-inflatable-floating-pool-drink-water-cup-holder-chiller-cooler/p/9900006973","Marketplace comparator","Moderate - live marketplace page"
"2026-08-13","Maro","Inflatable Party Turntable Cooler","Floating cooler","Not applicable","Australia","Australian online retailer","39.99","Displayed AUD price; GST inclusion not separately stated","Calculated at checkout","","Availability not independently confirmed","","Retailer policy; product-specific terms not captured","Source claims: novelty turntable-shaped cooler","https://maro.com.au/product/inflatable-24-x-21-61cm-x-53cm-party-turntable-cooler/","Novelty-form comparator","Moderate - live Australian retailer product page"
"2026-08-13","BIG W","Lazy Dayz Inflatable Pool Drinks Cooler","Floating cooler","Not applicable","Australia; marketplace seller location not independently verified","Australian marketplace listing; online only","66.95","Displayed AUD price; GST inclusion not separately stated","Calculated at checkout","","Online only","","Marketplace seller terms apply","Source claims: floating cooler bar format","https://www.bigw.com.au/product/inflatable-pool-beach-drinks-cooler-floating-bar-beer-holder-ice-tub-chiller-arm-summer-holiday-alcohol-beverage-teal/p/9901445875","Marketplace listing; brand and seller claims not independently verified","Moderate - live marketplace page"
"2026-08-13","Bushway","Cooler Cruiser","Floating cooler","Not applicable","Australia; ships from Sydney per source","Australian-stock online retailer","80.99","Displayed AUD price; GST inclusion not separately stated","Calculated at checkout","","Availability not independently confirmed","","Source claim: 14-day change-of-mind conditions apply","Source claims: floating insulated cooler","https://bushway.com.au/","Price captured from a current homepage result; dedicated URL unavailable","Low - current price-bearing homepage; product detail thin"
"2026-08-13","eMEGA","Inflatable Floating Drink Holder with Manual Pump","Floating drink tray","Not applicable","Australia","Australian online retailer","21.99","Displayed AUD price; GST inclusion not separately stated","Calculated at checkout","","Availability not independently confirmed","","Retailer policy; product-specific terms not captured","Source claims: eight-holder food and drink tray; manual pump included","https://emega.com.au/shop/inflatable-floating-drink-holder-with-manual-air-pump-large-capacity-8-hole-pool-food-and-drink-tray-versatile-floating-tray-for-pools-hot-tubs-beach-and-spa/","Bundle inclusion reduces direct comparability","Moderate - live Australian retailer product page"
"2026-08-13","Waterjoy Collections","Rainbow Inflatable Floating Tray","Floating drink tray","Not applicable","Australia","Australian online retailer","29.00","Displayed AUD price; GST inclusion not separately stated","Calculated at checkout","","Availability not independently confirmed","","Retailer policy; product-specific terms not captured","Source claims: floating serving tray","https://waterjoycollections.com/products/rainbow-inflatable-floating-tray-perfect-for-poolside-fun","Smaller retailer; performance claims not independently verified","Moderate - live Australian retailer product page"
"2026-08-13","BIG W","Rainbow Floating Drink Holder","Floating drink tray","Not applicable","Australia; marketplace seller location not independently verified","Australian marketplace listing; online only","31.99","Displayed AUD price; GST inclusion not separately stated","Calculated at checkout","","Online only","","Marketplace seller terms apply","Source claims: multi-cup floating holder","https://www.bigw.com.au/product/floating-drink-holder-for-pool-tub-accessories-for-adults-pool-drink-holder-floats-swimming-pool-accessories-for-adults-pool-drink-floats/p/9901447735","Marketplace product and seller claims not independently verified","Moderate - live marketplace page"
"2026-08-13","Spa World","Inflatable Floating Spa Bar Tray","Floating drink tray","Not applicable","Australia","Australian specialist retailer","32.95","Displayed AUD price; GST inclusion not separately stated","Calculated at checkout","","Availability not independently confirmed","","Retailer policy; product-specific terms not captured","Source claims: floating spa and pool serving tray","https://shop.spaworld.com.au/inflatable-floating-spa-bar-tray","Specialist-retail comparator","High - live Australian retailer product page"
"2026-08-13","Direct Pool Supplies","Life Spa Bar","Floating drink tray","Not applicable","Australia","Australian specialist retailer; unavailable; collection-page price","34.99","Displayed AUD price; GST inclusion not separately stated","Calculated at checkout","","Out of stock","","Retailer policy; product-specific terms not captured","Source claims: inflatable floating spa bar","https://www.directpoolsupplies.com.au/collections/spa-pool-bars","Unavailable listing retained","Moderate - current price-bearing collection page"
"2026-08-13","Direct Pool Supplies","Life Spa Tray Table","Floating drink tray","Not applicable","Australia","Australian specialist retailer; collection-page price","39.95","Displayed AUD price; GST inclusion not separately stated","Calculated at checkout","","Availability not confirmed on collection page","","Retailer policy; product-specific terms not captured","Source claims: floating tray table","https://www.directpoolsupplies.com.au/collections/spa-pool-bars","Price captured from live collection results","Moderate - current price-bearing collection page"
"2026-08-13","Lily and Lane","Inflatable Floating Bar Pool Tray","Floating drink tray","Not applicable","Australia","Australian online retailer; unavailable","45.95","Displayed AUD price; GST inclusion not separately stated","Calculated at checkout","","Sold out","","Retailer policy; product-specific terms not captured","Source claims: floating bar and serving tray","https://lilyandlane.com/products/inflatable-floating-bar-pool-tray","Sold-out qualifier retained","Moderate - live Australian retailer product page"
"2026-08-13","Aust Pools","Life Deluxe Inflatable Spa Bar Tray","Floating drink tray","Not applicable","Australia","Australian specialist retailer","49.95","Displayed AUD price; GST inclusion not separately stated","Calculated at checkout","","Availability not independently confirmed","","Retailer policy; product-specific terms not captured","Source claims: deluxe floating drink tray","https://www.austpools.com.au/product-page/spa-bar-life-deluxe-inflatable","Specialist-retail comparator","High - live Australian retailer product page"
"2026-08-13","Mr Toys","Intex Quick-Fill USB200R Rechargeable Air Pump","Rechargeable air pump","Pump motor; not a propulsion motor","Australia","Australian direct retailer","29.97","Source states tax is included","Calculated at checkout or store collection","","Online and in-store options shown","","Retailer policy; product-specific terms not captured","Source claims: USB-rechargeable portable inflator","https://www.mrtoys.com.au/outdoor-sports-water-toys/inflatable-pools-and-beach-toys/quickfill-tm-usb200r-rechargeable-air-pump-72822.html","Entry-price branded comparator","High - live Australian retailer product page"
"2026-08-13","BIG W","Rechargeable Electric Air Pump for Inflatables","Rechargeable air pump","Pump motor; not a propulsion motor","Australia; marketplace seller location not independently verified","Australian marketplace listing; online only","35.95","Displayed AUD price; GST inclusion not separately stated","Calculated at checkout","","Online only","","Marketplace seller terms apply","Source claims: rechargeable inflator for pool products","https://www.bigw.com.au/product/electric-air-pump-for-inflatables-rechargeable/p/9900914910","Marketplace specification claims not independently verified","Moderate - live marketplace page"
"2026-08-13","Bunnings","OZtrail Rechargeable Li Hi-Flo Air Pump","Rechargeable air pump","Pump motor; not a propulsion motor","Australia","Australian direct retailer","39.97","Displayed AUD price; GST inclusion not separately stated","Calculated at checkout or store collection","","Add to cart","","Retailer policy; product-specific terms not captured","Source claims: rechargeable high-flow inflator","https://www.bunnings.com.au/oztrail-rechargeable-li-hi-flo-air-pump_p0920776","Mainstream branded comparator","High - live Australian retailer product page"
"2026-08-13","BIG W","Do U Play Rovers USB Rechargeable Air Pump","Rechargeable air pump","Pump motor; not a propulsion motor","Australia; marketplace seller location not independently verified","Australian marketplace listing; online only","50.16","Displayed AUD price; GST inclusion not separately stated","Calculated at checkout","","Online only","","Marketplace seller terms apply","Source claims: lightweight USB-rechargeable inflator","https://www.bigw.com.au/product/do-u-play-rovers-inflatable-air-pump-lightweight-usb-rechargeable-black/p/9904257134","Marketplace listing","Moderate - live marketplace page"
"2026-08-13","OZtrail","Rechargeable Lithium Air Pump","Rechargeable air pump","Pump motor; not a propulsion motor","Australia","Australian brand direct retailer; sale","54.99","Displayed AUD price; GST inclusion not separately stated","Calculated at checkout","","In stock","","Retailer policy; product-specific terms not captured","Source claims: rechargeable lithium inflator","https://www.oztrail.com.au/products/air-pump-rechargeable-lithium","Sale price retained","High - live Australian brand product page"
"2026-08-13","Memory Tech","20 W USB Rechargeable Inflator","Rechargeable air pump","Pump motor; not a propulsion motor","Australia","Australian online retailer; sale","57.95","Displayed AUD price; GST inclusion not separately stated","Calculated at checkout","","In stock","","Retailer policy; product-specific terms not captured","Source claims: 20 W rechargeable inflator","https://www.memorytech.com.au/products/usb-rechargeable-inflator-electric-pump-20w-portable-bed-matress-pool-air-pump","Sale price retained; output claims not independently verified","Moderate - live Australian retailer product page"
"2026-08-13","Macpac","Coghlan's Rechargeable Air Pump","Rechargeable air pump","Pump motor; not a propulsion motor","Australia","Australian direct retailer","84.99","Displayed AUD price; GST inclusion not separately stated","Calculated at checkout or store collection","","Availability varies by location","","Retailer policy; product-specific terms not captured","Source claims: rechargeable portable inflator","https://www.macpac.com.au/coghlans-rechargeable-air-pump/123015-NON00-OS.html","Premium branded comparator","High - live Australian retailer product page"
"2026-08-13","BCF","Wanderer Double Action Air Pump","Double-action manual pump","Not applicable","Australia","Australian direct retailer; clearance","15.00","Displayed AUD price; GST inclusion not separately stated","Calculated at checkout or store collection","","Clearance; availability varies","","Clearance terms may apply","Source claims: double-action hand pump","https://www.bcf.com.au/p/wanderer-double-action-air-pump/326862.html","Clearance observation retained","High - live Australian retailer product page"
"2026-08-13","Albury RC Models","Rovin Double Action Air Pump","Double-action manual pump","Not applicable","Australia","Australian specialist retailer; category-page price","16.95","Displayed AUD price; GST inclusion not separately stated","Calculated at checkout","","Availability not confirmed on category page","","Retailer policy; product-specific terms not captured","Source claims: double-action inflator for inflatables","https://www.alburyrcmodels.com.au/road-marine-tech/marine-general/boat-management/pumps-for-inflatables/","Price captured from category results","Moderate - current price-bearing category page"
"2026-08-13","Wildtrak","Double-Action Manual Air Pump","Double-action manual pump","Not applicable","Australia","Australian brand direct retailer; sale; collection-page price","20.00","Displayed AUD price; GST inclusion not separately stated","Calculated at checkout","","Availability not confirmed on collection page","","Retailer policy; product-specific terms not captured","Source claims: double-action hand pump","https://www.wildtrak.com.au/collections/air-pumps","Sale price captured from collection results","Moderate - current price-bearing collection page"
"2026-08-13","Wynnum Marine","Airhead Double Action Pump","Double-action manual pump","Not applicable","Australia","Australian specialist retailer","24.91","Displayed AUD price; GST inclusion not separately stated","Calculated at checkout or store collection","","Availability not independently confirmed","","Retailer policy; product-specific terms not captured","Source claims: double-action hand inflator","https://www.wynnummarine.com.au/products/airhead-double-action-pump","Marine specialist comparator","High - live Australian retailer product page"
"2026-08-13","Whitworths","WOW Double Action Hand Pump","Double-action manual pump","Not applicable","Australia","Australian specialist retailer","24.95","Displayed AUD price; GST inclusion not separately stated","Calculated at checkout or store collection","","Availability not independently confirmed","","Retailer policy; product-specific terms not captured","Source claims: double-action hand pump","https://www.whitworths.com.au/wow-double-action-hand-pump","Marine specialist comparator","High - live Australian retailer product page"
"2026-08-13","BIG W","Bestway 48 cm Air Hammer Dual Action Pump","Double-action manual pump","Not applicable","Australia; marketplace seller location not independently verified","Australian marketplace listing; online only","29.95","Displayed AUD price; GST inclusion not separately stated","Calculated at checkout","","Online only","","Marketplace seller terms apply","Source claims: dual-action hand inflator","https://www.bigw.com.au/product/bestway-48cm-air-hammer-dual-action-foot-pump/p/9902735578","Product title uses foot-pump wording while source claims dual action; verify configuration before comparison","Moderate - live marketplace page"
"2026-08-13","Whitworths","Double Action Inflator","Double-action manual pump","Not applicable","Australia","Australian specialist retailer; category-page price","29.99","Displayed AUD price; GST inclusion not separately stated","Calculated at checkout or store collection","","Availability not confirmed on category page","","Retailer policy; product-specific terms not captured","Source claims: double-action inflator","https://www.whitworths.com.au/water-activities/air-pumps/","Price captured from category results","Moderate - current price-bearing category page"
"2026-08-13","AustBoating","Double Action Air Pump","Double-action manual pump","Not applicable","Australia","Australian online retailer","37.00","Displayed AUD price; GST inclusion not separately stated","Calculated at checkout","","Availability not independently confirmed","","Retailer policy; product-specific terms not captured","Source claims: double-action manual inflator","https://austboating.com.au/products/esync-products/pump-air-double-action-pump","Upper-end manual-pump comparator","High - live Australian retailer product page"
"2026-08-13","Marine Deals","PVC Inflatable Boat Repair Kit Grey","PVC repair kit","Not applicable","Australia","Australian specialist retailer","8.29","Displayed AUD price; GST inclusion not separately stated","Calculated at checkout","","In stock","Source claim: 12-month warranty","Source claim: 30-day no-worries return conditions apply","Source claims: PVC patches and repair adhesive","https://www.marine-deals.com.au/inflatables/pvc-inflatable-boat-repair-kit-grey/p/229419/c/1336","Intended for PVC inflatables; adhesive and colour compatibility require checking","High - live Australian specialist product page"
"2026-08-13","Tentworld","Elemental Vinyl Repair Kit","PVC repair kit","Not applicable","Australia","Australian specialist retailer","11.49","Displayed AUD price; GST inclusion not separately stated","Calculated at checkout or store collection","","Availability not independently confirmed","","Retailer policy; product-specific terms not captured","Source claims: vinyl repair patches and adhesive","https://www.tentworld.com.au/buy-sale/elemental-vinyl-repair-kit","Compatibility with Docked materials not independently verified","High - live Australian retailer product page"
"2026-08-13","Outback Equipment","Elemental Repair Kit for Vinyl","PVC repair kit","Not applicable","Australia","Australian specialist retailer","13.99","Displayed AUD price; GST inclusion not separately stated","Calculated at checkout","","In stock","","Retailer policy; product-specific terms not captured","Source claims: repair kit for vinyl inflatables","https://www.outbackequipment.com.au/elemental-repair-kit-for-vinyl","Compatibility with Docked materials not independently verified","High - live Australian retailer product page"
"2026-08-13","Memory Tech","Inflatable Pool Puncture Patch and Glue Kit","PVC repair kit","Not applicable","Australia","Australian online retailer; sale","17.95","Displayed AUD price; GST inclusion not separately stated","Calculated at checkout","","In stock","","Retailer policy; product-specific terms not captured","Source claims: stick-on patches and glue for inflatable pools","https://www.memorytech.com.au/products/puncture-patch-glue-repair-kit-stick-on-patch-inflatable-pool-10x-7cmx7cm","Compatibility and cure performance not independently verified","Moderate - live Australian retailer product page"
"2026-08-13","Big Duck","Repair Kit","PVC repair kit","Not applicable","Australia","Australian brand direct retailer","19.00","Displayed AUD price; GST inclusion not separately stated","Calculated at checkout","","Availability unclear: page presented conflicting sold-out and in-stock signals","","Retailer policy; product-specific terms not captured","Source claims: repair materials for brand inflatables","https://bigduck.com.au/products/repair-kit","Stock conflict retained; confirm before relying on the listing","Moderate - live page with conflicting availability"
"2026-08-13","Pools Foam Rubber","Liner Repair Kit","PVC repair kit","Not applicable","Australia","Australian specialist retailer","19.95","Displayed AUD price; GST inclusion not separately stated","Calculated at checkout","","In stock","","Retailer policy; product-specific terms not captured","Source claims: wet-and-dry liner repair application","https://poolsfoamrubber.com.au/products/liner-repair-kit/","Pool-liner kit may not be equivalent to inflatable PVC repair","Moderate - live Australian retailer page; comparability limited"
"2026-08-13","Pump and Pool People","Swimming Pool Vinyl Wet and Dry Patch Repair Kit","PVC repair kit","Not applicable","Australia","Australian specialist retailer","34.95","Displayed AUD price; GST inclusion not separately stated","Calculated at checkout","","Availability not independently confirmed","","Retailer policy; product-specific terms not captured","Source claims: wet-and-dry vinyl patch kit","https://www.pumpandpoolpeople.com.au/pool-supplies/pool-spa/accessories-pool-spa/swimming-pool-vinyl-kit-wet-and-dry-patch-inflatable-water-bed-repair-2/","Compatibility with Docked PVC formulation requires validation","High - live Australian specialist product page"
"2026-08-13","Surge Kayaks","Inflatable Repair Kit for SUP and Kayak","PVC repair kit","Not applicable","Australia","Australian specialist retailer; category-page price","37.95","Displayed AUD price; GST inclusion not separately stated","Calculated at checkout","","Availability not confirmed on category page","","Retailer policy; product-specific terms not captured","Source claims: repair kit for inflatable SUPs and kayaks","https://surgekayaks.com.au/product-category/repair-and-parts/","Price captured from category results; compatibility requires checking","Moderate - current price-bearing category page"
"2026-08-13","BCF","Volare Waterproof Dry Pouch Bag 1 L","Water-resistant storage pouch","Not applicable","Australia","Australian direct retailer; special offer","10.00","Displayed AUD price; GST inclusion not separately stated","Calculated at checkout or store collection","","Add to cart","","Retailer policy; product-specific terms not captured","Source claims: IP66, buoyant roll-top pouch; not for electronics or full submersion","https://www.bcf.com.au/p/volare-waterproof-dry-pouch-bag-1l/573717.html","Special offer from 14.99; limitations make it unsuitable for a phone-protection claim","High - live Australian retailer page with explicit limitations"
"2026-08-13","BCF","Bowline Waterproof Pouch Medium","Waterproof storage pouch","Not applicable","Australia","Australian direct retailer","13.99","Displayed AUD price; GST inclusion not separately stated","Calculated at checkout or store collection","","Add to cart","","Retailer policy; product-specific terms not captured","Source claims: roll-top pouch intended to keep small valuables dry, including when submerged","https://www.bcf.com.au/p/bowline-waterproof-pouch-medium/166165.html","No independent depth or duration test evidence captured","High - live Australian retailer product page"
"2026-08-13","Anaconda","Mirage Phone Pouch","Waterproof storage pouch","Not applicable","Australia","Australian direct retailer","14.99","Displayed AUD price; GST inclusion not separately stated","Calculated at checkout or store collection","","Add to cart","","Retailer policy; product-specific terms not captured","Source claims: IPX8 and tested waterproof to 10 metres; fits phones to 6.7 inches","https://www.anacondastores.com/en-au/p/mirage-phone-pouch/90197204","Performance is a source claim; no independent certificate reviewed","High - live Australian retailer page with specific rating claim"
"2026-08-13","BIG W","Mirage Waterproof and Shock-Absorbing Floating Phone Pouch","Waterproof storage pouch","Not applicable","Australia; marketplace seller location not independently verified","Australian marketplace listing; online only","15.99","Displayed AUD price; GST inclusion not separately stated","Calculated at checkout","","Online only","","Marketplace seller terms apply","Source claims: IPX8, buoyant construction and fit to 6.9-inch phones","https://www.bigw.com.au/product/mirage-waterproof-and-shock-absorbing-floating-phone-pouch-black-/p/9902169599","Performance and seller claims not independently verified","Moderate - live marketplace page"
"2026-08-13","BIG W","Korjo Waterproof Phone Pouch","Waterproof storage pouch","Not applicable","Australia; marketplace seller location not independently verified","Australian marketplace listing; online only","16.99","Displayed AUD price; GST inclusion not separately stated","Calculated at checkout","","Online only","","Marketplace seller terms apply","Source claims: waterproof, dust-resistant, sand-resistant and buoyant phone pouch","https://www.bigw.com.au/product/korjo-waterproof-phone-pouch/p/9903544046","No independent IP rating or test evidence captured","Moderate - live marketplace page"
"2026-08-13","BCF","Mirage Clear-View Gear Dry Pouch","Water-resistant storage pouch","Not applicable","Australia","Australian direct retailer; special offer","17.99","Displayed AUD price; GST inclusion not separately stated","Calculated at checkout or store collection","","Add to cart","","Retailer policy; product-specific terms not captured","Source claims: water-resistant zipper and clear-window TPU pouch","https://www.bcf.com.au/p/mirage-clear-view-gear-dry-pouch/717515.html","Water-resistant is not equivalent to waterproof or submersible","High - live Australian retailer page with clear qualifier"
"2026-08-13","Anaconda","Mirage Floating Phone Pouch","Waterproof storage pouch","Not applicable","Australia","Australian direct retailer; member price","19.99","Displayed AUD price; GST inclusion not separately stated","Calculated at checkout or store collection","","Add to cart","","Retailer policy; product-specific terms not captured","Source claims: IPX8, buoyant core and fit to 6.9-inch phones","https://www.anacondastores.com/en-au/p/mirage-floating-phone-pouch/BP90254465-multicoloured","Club price retained; full price shown as 24.99; performance is a source claim","High - live Australian retailer page with member-price qualifier"
"2026-08-13","BIG W","Waterproof Phone Pouch Floating Dry Bag Blue","Waterproof storage pouch","Not applicable","Australia; Edragon Australia marketplace seller","Australian marketplace listing; online only","25.95","Displayed AUD price; GST inclusion not separately stated","Calculated at checkout","","Online only","","Marketplace seller terms apply","Source claims: enlarged waterproof pouch with lanyard; fit to 8.5-inch devices","https://www.bigw.com.au/product/waterproof-phone-pouch-floating-phone-case-ipx8-water-proof-phone-dry-bag-blue/p/9900788654","Marketplace performance claim not independently verified","Moderate - live marketplace page"
"2026-08-13","Anaconda","Chums Glow Phone Pouch","Waterproof storage pouch","Not applicable","Australia","Australian direct retailer","29.99","Displayed AUD price; GST inclusion not separately stated","Calculated at checkout or store collection","","Add to cart","","Retailer policy; product-specific terms not captured","Source claims: waterproof closure, touchscreen use and glow border","https://www.anacondastores.com/clothing/clothing-accessories/chums-glow-phone-pouch/BP90239482","No independent depth or duration test evidence captured","High - live Australian retailer product page"
"2026-08-13","BIG W","Case-Mate Large Waterproof Bow Mobile Phone Pouch","Waterproof storage pouch","Not applicable","Australia; marketplace seller location not independently verified","Australian marketplace listing; sale; online only","38.25","Displayed AUD price; GST inclusion not separately stated","Calculated at checkout","","Online only","","Marketplace seller terms apply","Source claims: floating waterproof pouch rated for 30 minutes at three feet","https://www.bigw.com.au/product/case-mate-large-waterproof-bow-mobile-phone-pouch-accessory-ballet-pink/p/9903000882","Sale price retained; source test claim not independently verified","Moderate - live marketplace page with specific but unverified claim"
